ID,confidence_score,ligand_iptm,affinity_pred_value,affinity_pred_value1,affinity_pred_value2,affinity_probability_binary,affinity_probability_binary1,affinity_probability_binary2,SMILES
Z102767654,0.7851492166519165,0.9353257417678833,2.037855386734009,2.499289035797119,1.5764217376708984,0.11741837114095688,0.06814524531364441,0.16669149696826935,CNCC=1C=CC(=CC1)N2CCCCC2
Z104378302,0.7286985516548157,0.8534613847732544,3.051652431488037,2.7376937866210938,3.3656113147735596,0.20141026377677917,0.022943586111068726,0.3798769414424896,NC1=NC=2C=CC=CC2N1
Z104472798,0.7899560332298279,0.891683042049408,2.148874282836914,1.920432448387146,2.3773159980773926,0.15087652206420898,0.1474049836397171,0.15434806048870087,NC1=NC=CS1
Z104473324,0.7345882058143616,0.8615217804908752,2.5426242351531982,2.55623722076416,2.5290112495422363,0.13315021991729736,0.0646551325917244,0.20164531469345093,O=C(O)C=1C=CC(Cl)=CC1
Z104473344,0.751538097858429,0.8330252170562744,2.995333671569824,2.8907017707824707,3.099965810775757,0.13999995589256287,0.05795763432979584,0.2220422774553299,O=C(O)CC1=CC=CS1
Z104473462,0.7844573259353638,0.9171099066734314,1.6215529441833496,2.0987191200256348,1.144386887550354,0.3121544420719147,0.24869465827941895,0.3756142258644104,O=C(O)C1=CC=CO1
Z104473570,0.7102369666099548,0.6514546871185303,1.5324493646621704,1.2377194166183472,1.8271793127059937,0.14389175176620483,0.05910106003284454,0.22868244349956512,OCCOC=1C=CC=CC1
Z104473586,0.7632955312728882,0.8868288397789001,2.8350257873535156,2.7994375228881836,2.8706140518188477,0.1173611730337143,0.034268200397491455,0.20045414566993713,OCCC=1C=CC=CC1
Z104473678,0.7750030159950256,0.9424068927764893,2.1068742275238037,2.0894570350646973,2.12429141998291,0.27670353651046753,0.2083909660577774,0.34501609206199646,OC=1C=CC=2OCOC2C1
Z104473820,0.7833999991416931,0.888945460319519,2.760587453842163,2.896792411804199,2.624382495880127,0.14239585399627686,0.05870902165770531,0.2260826826095581,CC=1C=CC=C(O)C1
Z104473840,0.8029708862304688,0.9270129203796387,2.481269598007202,2.773983955383301,2.1885552406311035,0.22681793570518494,0.04250302538275719,0.4111328423023224,N#CC=1C=CC(O)=CC1
Z104474062,0.7368952631950378,0.857261598110199,1.6982067823410034,1.608259916305542,1.7881536483764648,0.12147153168916702,0.0497450977563858,0.19319796562194824,O=C(O)C=1C=CC=C(Cl)C1
Z104474214,0.7494615912437439,0.8926753401756287,3.046992778778076,3.174191951751709,2.9197933673858643,0.1779191642999649,0.10217822343111038,0.2536601126194,O=C(O)CC=1C=CC=CC1C(=O)O
Z104474598,0.7928017973899841,0.9048125743865967,2.09281063079834,2.364506244659424,1.8211148977279663,0.363656610250473,0.32448482513427734,0.4028283953666687,COC=1C=CC(O)=CC1
Z104475374,0.7672356367111206,0.8547401428222656,2.515866994857788,2.3896803855895996,2.6420536041259766,0.14359401166439056,0.01598299667239189,0.27120503783226013,CC=1C=CC(N)=NC1
Z104476002,0.7598989009857178,0.8890625834465027,2.806842803955078,3.1156225204467773,2.498063325881958,0.39909982681274414,0.46086832880973816,0.3373313248157501,O=C(O)C=1C=NC=CN1
Z104476062,0.7760514616966248,0.9166473150253296,0.6928223371505737,1.028092861175537,0.35755184292793274,0.28852906823158264,0.16555872559547424,0.41149941086769104,CC(C)(C)C1=CC=C(O)C(O)=C1
Z104476066,0.7735070586204529,0.9294562935829163,2.7605485916137695,2.938602924346924,2.5824942588806152,0.07806067168712616,0.06702407449483871,0.08909726142883301,O=C(O)CC1=CC=C(Cl)C(Cl)=C1
Z104476152,0.7948964238166809,0.9388898611068726,1.9838122129440308,2.4128708839416504,1.5547535419464111,0.42118996381759644,0.52129065990448,0.3210892677307129,CN1CC=2C=CC=CC2NC1=O
Z104476320,0.805345356464386,0.9224288463592529,1.9220352172851562,2.4600062370300293,1.3840643167495728,0.174963116645813,0.05075867846608162,0.29916754364967346,CC(C)C=1C=CC(N)=CC1
Z104476536,0.7729303240776062,0.9054690003395081,2.277031421661377,2.6504549980163574,1.903607726097107,0.28446051478385925,0.2990961968898773,0.2698248326778412,COC=1C=CC=C(C(=O)O)C1OC
Z104476884,0.7673462629318237,0.9093530178070068,3.0515475273132324,3.573639392852783,2.5294556617736816,0.1598571240901947,0.04432003200054169,0.2753942012786865,O=C(O)C1=CC=C2OCOC2=C1
Z104477292,0.7336193919181824,0.8932743668556213,2.9792706966400146,2.735470771789551,3.2230706214904785,0.2426266372203827,0.35060590505599976,0.13464736938476562,O=C(O)C(C=1C=CC=CC1)C=2C=CC=CC2
Z104477464,0.784166157245636,0.9144450426101685,2.080284595489502,2.220026969909668,1.940542459487915,0.10030974447727203,0.028799839317798615,0.17181964218616486,C1=CC=C(C=C1)CC=2C=CN=CC2
Z104477476,0.7468684315681458,0.7386578321456909,2.225799083709717,1.8944002389907837,2.5571978092193604,0.12444870173931122,0.04852669686079025,0.2003706991672516,COC=1C=CC(C)=CC1N
Z104477750,0.7873064279556274,0.9153476357460022,2.3354787826538086,2.323625087738037,2.347332715988159,0.22855238616466522,0.08008956909179688,0.37701520323753357,N#CC=1C=CC=CC1O
Z104477768,0.7432233691215515,0.8128823637962341,2.8551065921783447,2.4845476150512695,3.22566556930542,0.12402505427598953,0.012686588801443577,0.23536351323127747,CC=1N=CSC1CCO
Z104478032,0.7751855254173279,0.883382260799408,2.6514525413513184,3.2211685180664062,2.0817365646362305,0.11927549540996552,0.03681757673621178,0.20173341035842896,OCC=1C=CC(Cl)=CC1
Z104478044,0.7284871935844421,0.8320214748382568,0.7135109305381775,0.3377145826816559,1.0893073081970215,0.05322987586259842,0.03338366001844406,0.07307609170675278,O=C(O)CCC1CCCC1
Z104478452,0.7409574389457703,0.8945398330688477,2.2640538215637207,1.602569341659546,2.9255380630493164,0.1276254504919052,0.11397208273410797,0.14127881824970245,COC=1C=CC(=CC1OC)C(=O)O
Z104478474,0.7252438068389893,0.733570396900177,2.1745691299438477,2.4252357482910156,1.9239023923873901,0.13892927765846252,0.07883034646511078,0.19902822375297546,CCC=1C=CC(=CC1)C(=O)O
Z104478552,0.7649415135383606,0.895404040813446,3.442479133605957,3.7478156089782715,3.1371426582336426,0.08125894516706467,0.059821899980306625,0.102695994079113,O=C(O)CC=1C(Cl)=CC=CC1Cl
Z104479728,0.7686024904251099,0.8416094183921814,1.9554389715194702,1.9550182819366455,1.955859661102295,0.22553521394729614,0.1419011950492859,0.3091692328453064,CCC=1C=CC(O)=CC1
Z104479892,0.7479144930839539,0.9457603693008423,2.8222601413726807,2.4085278511047363,3.235992431640625,0.07715782523155212,0.05259713530540466,0.10171851515769958,O=C(O)CCC1CCCCC1
Z104480244,0.7790949940681458,0.8832436800003052,2.2126927375793457,2.1288156509399414,2.29656982421875,0.17016220092773438,0.08960792422294617,0.2507164776325226,CCOC=1C=CC=CC1O
Z104480436,0.8001574873924255,0.9140604734420776,1.8768242597579956,1.651520013809204,2.102128505706787,0.4648273289203644,0.4946647584438324,0.43498989939689636,C1=NC(=CS1)C2=NC=3C=CC=CC3N2
Z104482458,0.7618386149406433,0.9118669629096985,2.4977364540100098,3.150637149810791,1.8448357582092285,0.17279615998268127,0.07634708285331726,0.2692452371120453,CC=1ON=C(C1C(=O)O)C=2C=CC=CC2
Z104484428,0.7608519196510315,0.9334843754768372,2.277219295501709,2.3082990646362305,2.2461392879486084,0.25431105494499207,0.2027338594198227,0.30588826537132263,NC=1C=CC(Br)=CC1C(=O)O
Z104495626,0.7418586015701294,0.8413488864898682,3.5922250747680664,3.7516121864318848,3.432837963104248,0.10043354332447052,0.04443880915641785,0.1564282774925232,CC=1C=CC=CC1C(=O)O
Z104495736,0.7901965975761414,0.870633602142334,3.7927451133728027,4.579870223999023,3.005620002746582,0.18494266271591187,0.039556410163640976,0.33032891154289246,NC=1C=CC=CC1CO
Z104495974,0.7917752861976624,0.895409882068634,2.9057722091674805,3.49008846282959,2.321455955505371,0.11959163844585419,0.044477540999650955,0.19470573961734772,O=C1CCC=2C=CC=CC12
Z104498098,0.7540375590324402,0.8377549648284912,3.1819345951080322,3.633471965789795,2.7303972244262695,0.3680536448955536,0.37529221177101135,0.3608150780200958,O=C(O)C=1C=CC(O)=CC1
Z104501152,0.7800304293632507,0.8397850394248962,3.139371395111084,3.1774063110351562,3.1013364791870117,0.1384078711271286,0.024351319298148155,0.2524644136428833,CC1=CC(C)=NC(N)=N1
Z104502228,0.7295347452163696,0.8149545788764954,3.217921257019043,3.7222180366516113,2.7136247158050537,0.2188657522201538,0.11360421776771545,0.32412728667259216,NC(=O)C=1C=CC(O)=CC1
Z104503564,0.7587240934371948,0.877499520778656,2.8441898822784424,3.2520856857299805,2.4362940788269043,0.217783123254776,0.12905266880989075,0.30651357769966125,O=C(O)C=1C=CC(O)=C(Cl)C1
Z104507276,0.7904667854309082,0.8881579637527466,2.6341452598571777,3.0909934043884277,2.1772968769073486,0.1965789794921875,0.06573779881000519,0.327420175075531,COC=1C=CC=2NC=CC2C1
Z104511114,0.7667906284332275,0.8769577145576477,1.7800196409225464,1.624456524848938,1.9355827569961548,0.2758040726184845,0.2643106281757355,0.2872975170612335,CSC=1C=CC(N)=CC1
Z106939542,0.7922874689102173,0.9037289023399353,2.8701300621032715,3.1954593658447266,2.5448007583618164,0.36543750762939453,0.48968490958213806,0.2411901205778122,NC=1C=C(F)C=CC1C(=O)O
Z1079133092,0.7418321967124939,0.9072958827018738,2.61685848236084,2.311772346496582,2.9219443798065186,0.14546139538288116,0.06318708509206772,0.227735698223114,COC(=O)C1=CNC=2N=CC=CC12
Z1096153758,0.746142566204071,0.9000319242477417,2.5642974376678467,2.412917137145996,2.7156777381896973,0.3111531436443329,0.3184911906719208,0.303815096616745,COC=1C=CC=2NC(=CC2C1)C(=O)O
Z1104852895,0.7666477560997009,0.8669329285621643,3.1815507411956787,3.273289203643799,3.0898122787475586,0.2128615379333496,0.08153021335601807,0.34419286251068115,CC=1C=CC(O)=C(CO)N1
Z111456674,0.7923620343208313,0.9515863060951233,1.809325933456421,1.5768696069717407,2.0417823791503906,0.2237098217010498,0.13549138605594635,0.31192824244499207,O=C(O)C=1C=CC=CC1C(=O)C=2C=CC(F)=CC2
Z111833788,0.7680191397666931,0.8519723415374756,2.150198221206665,1.9060975313186646,2.394298791885376,0.3177034258842468,0.2926241159439087,0.34278273582458496,CC=1C=CC(N)=C(C1)C(=O)O
Z111834284,0.7761075496673584,0.9236240983009338,1.714946985244751,1.2915863990783691,2.138307571411133,0.29187488555908203,0.2232089340686798,0.36054083704948425,CC=1C=C(Br)C=2NC(=O)C(=O)C2C1
Z1118536235,0.7487275004386902,0.845310628414154,3.1623754501342773,3.412233829498291,2.9125170707702637,0.18889543414115906,0.13256867229938507,0.24522219598293304,O=C(O)C1=CC=C2NC=CC2=C1
Z1154245575,0.7800591588020325,0.9386566877365112,3.1728391647338867,3.2738399505615234,3.071838140487671,0.14610286056995392,0.04185769334435463,0.2503480315208435,C[C@@](O)(C(=O)O)C=1C=CC=CC1
Z1157728598,0.753868579864502,0.8794348835945129,1.8131673336029053,1.4029332399368286,2.2234015464782715,0.23552903532981873,0.17893265187740326,0.2921254336833954,N#CC=1C=CC(O)=CC1F
Z1160902020,0.7585570216178894,0.8928714990615845,2.846292495727539,2.9615416526794434,2.7310431003570557,0.1260012537240982,0.0601535364985466,0.1918489784002304,FC=1C=CC=2NC=CC2C1
Z1162450204,0.7894428372383118,0.9190475344657898,2.3904948234558105,2.802924156188965,1.9780656099319458,0.16928094625473022,0.10430958867073059,0.23425228893756866,N#CCC1=CNC=2C=CC(Cl)=CC12
Z118530082,0.7557774186134338,0.8624861836433411,4.060464382171631,3.9787492752075195,4.142179489135742,0.22771233320236206,0.13383249938488007,0.32159215211868286,NC(=O)C1=CC=CC(N)=C1
Z1192367241,0.7446795105934143,0.8283858895301819,1.5126904249191284,0.7631681561470032,2.2622127532958984,0.2067926526069641,0.19740962982177734,0.21617569029331207,CC=1C=C(C)N=C(N)C1
Z1198147845,0.7853604555130005,0.8912063837051392,3.011824131011963,3.975757598876953,2.0478909015655518,0.23141786456108093,0.02814723737537861,0.4346884787082672,OC=1C=CC=2C=NNC2C1
Z1198154439,0.767117440700531,0.8921526670455933,2.330193042755127,3.001129150390625,1.6592566967010498,0.13415974378585815,0.04247637838125229,0.22584310173988342,O=C1CCC2=CC=CC=3CCN1C32
Z1198172211,0.7608048319816589,0.8975746035575867,2.9477181434631348,3.3189139366149902,2.5765221118927,0.20068439841270447,0.077855184674263,0.32351362705230713,O=C(O)C1=CC=2OC=CC2N1
Z1198175704,0.7565920352935791,0.8139550089836121,3.085965871810913,2.2634544372558594,3.908477306365967,0.1176496371626854,0.045416343957185745,0.18988293409347534,CC1=NN(C)C(C)=C1CCO
Z1198176426,0.7809085249900818,0.9115431904792786,2.2340729236602783,3.0498456954956055,1.4183002710342407,0.20285093784332275,0.15109746158123016,0.25460439920425415,CC1(C)CNCC2=CC=CC=C21
Z1198181962,0.7783933877944946,0.9175909161567688,2.7157630920410156,2.7340469360351562,2.697479248046875,0.20343130826950073,0.10029125213623047,0.306571364402771,CC1=CC=2C=CC=CC2NC1=O
Z1198233123,0.7705113291740417,0.8582176566123962,1.7077736854553223,1.637309193611145,1.77823805809021,0.19849340617656708,0.09139297157526016,0.3055938482284546,CC(=O)C1=CNC2=C(C)C=CC=C12
Z1198261676,0.800811231136322,0.8849644660949707,2.9667935371398926,2.9583468437194824,2.9752399921417236,0.11406724154949188,0.0038607618771493435,0.22427372634410858,CC=1N=CC(C)=C(N)N1
Z1198265898,0.7622091174125671,0.8367632031440735,1.9891976118087769,2.046940326690674,1.9314548969268799,0.19171014428138733,0.15246464312076569,0.23095563054084778,O=C(O)CC1=CC2=CC=CC=C2S1
Z119989536,0.7319445610046387,0.8530681133270264,2.5649993419647217,2.640929698944092,2.4890689849853516,0.13067001104354858,0.11401934921741486,0.1473206728696823,O=C(O)C1=CC2=C(Cl)C=CC=C2N1
Z119989626,0.7853447794914246,0.9153071045875549,2.560281753540039,3.2007293701171875,1.9198338985443115,0.36009126901626587,0.45451804995536804,0.2656644582748413,CC=1C=CC=C2NC(=CC12)C(=O)O
Z119989628,0.7253171801567078,0.8617120385169983,2.347684860229492,2.199643611907959,2.4957258701324463,0.21561390161514282,0.2236831933259964,0.20754460990428925,CC=1C=CC=2C=C(NC2C1)C(=O)O
Z119990438,0.804109513759613,0.9415991306304932,2.1373367309570312,2.8594918251037598,1.4151816368103027,0.19009342789649963,0.11042945086956024,0.2697574198246002,O=C(O)C1=CC2=CC=C(Cl)C=C2N1
Z1201618250,0.754407525062561,0.9303227066993713,1.87030029296875,1.5551449060440063,2.185455560684204,0.24728140234947205,0.29902002215385437,0.19554278254508972,O=C(O)C1=COC=2CCCC(=O)C12
Z1201619441,0.794289767742157,0.9273019433021545,2.2052085399627686,1.922856092453003,2.487560987472534,0.12545275688171387,0.037997353821992874,0.21290816366672516,CCOC(=O)C=1C(C)=NNC1C
Z1201620461,0.7406050562858582,0.8265859484672546,3.069378137588501,3.146394729614258,2.992361545562744,0.19130927324295044,0.07946348190307617,0.3031550645828247,CC=1C(O)=CC=CC1C(=O)O
Z1201620809,0.7741872072219849,0.9073922634124756,1.716254711151123,1.3504706621170044,2.082038640975952,0.17069175839424133,0.1242578998208046,0.21712560951709747,FC=1C=C(F)C=2NC=CC2C1
Z1201621962,0.7495788931846619,0.897865355014801,2.3154468536376953,2.5366621017456055,2.094231605529785,0.22277584671974182,0.19193501770496368,0.25361669063568115,O=C(O)C=1C=CC(=NC1)C=2C=CC=CC2
Z1203162033,0.7428469061851501,0.8825574517250061,2.667715072631836,2.888026237487793,2.4474036693573,0.435329794883728,0.573091447353363,0.2975681722164154,COC=1C=C(C=CC1O)CC(=O)O
Z1203162319,0.7956286668777466,0.9185975790023804,2.743445873260498,3.1504359245300293,2.336455821990967,0.47765442728996277,0.5582736134529114,0.39703524112701416,OC=1C=CC=2NC=CC2C1
Z1203162487,0.7808222770690918,0.8766781687736511,3.064077377319336,3.333540916442871,2.794613838195801,0.2799493968486786,0.22413323819637299,0.3357655704021454,NC=1N=CC=C2C=CC=CC12
Z1203734446,0.7342193126678467,0.8086965084075928,2.3327157497406006,2.183854579925537,2.481576919555664,0.16433292627334595,0.06871821731328964,0.25994762778282166,CN1C=CC=2C=CNC2C1=O
Z1203748449,0.7440637946128845,0.8091475367546082,2.046969413757324,1.410298466682434,2.683640480041504,0.28754085302352905,0.29567191004753113,0.27940982580184937,NS(=O)(=O)C1=NC=CN1
Z1251357721,0.781790554523468,0.8741826415061951,3.003291368484497,3.097860813140869,2.908721923828125,0.10066790878772736,0.046042948961257935,0.15529286861419678,OCC1=CC=2C(Cl)=CC=CC2N1
Z1255374820,0.7614240646362305,0.9014691114425659,1.8942763805389404,1.6121708154678345,2.176382064819336,0.1447451114654541,0.15530188381671906,0.13418835401535034,CC1=NOC(C)=C1C=2C=CC=CC2
Z1255431342,0.7637807726860046,0.9138239622116089,1.6322243213653564,1.817585825920105,1.4468626976013184,0.38819560408592224,0.4164823591709137,0.3599088490009308,CSC=1C=CC(O)=C(C1)C(=O)O
Z1255448123,0.750948429107666,0.8599892854690552,2.0196030139923096,1.732716679573059,2.3064892292022705,0.368341326713562,0.32776695489883423,0.4089156687259674,CC=1NC=2C=CC=CC2C(=O)C1O
Z1259162108,0.7763680815696716,0.7868512868881226,3.0372729301452637,3.079834461212158,2.994711399078369,0.2999288737773895,0.22589458525180817,0.3739631474018097,NC=1C=CC=C2NC=NC12
Z1269159102,0.7593328356742859,0.8910422921180725,2.8483543395996094,3.0201058387756348,2.676602840423584,0.08890369534492493,0.08072095364332199,0.09708644449710846,O=C(O)CC=1C=C(Cl)C=C(Cl)C1
Z1269175847,0.7102174758911133,0.8430138826370239,2.2692413330078125,2.237093448638916,2.30138897895813,0.20864030718803406,0.1132817268371582,0.3039988875389099,O=C1CNC=2C=C(Br)C=CC2N1
Z1269191577,0.7604022026062012,0.8709924221038818,2.3256702423095703,2.3067803382873535,2.344560146331787,0.12486520409584045,0.06498389691114426,0.18474651873111725,BrC=1C=CC(=CC1)C2=CNC=N2
Z1378432729,0.7830463647842407,0.9466118216514587,2.149383068084717,1.9198371171951294,2.3789291381835938,0.14654743671417236,0.06497228890657425,0.22812259197235107,NS(=O)(=O)C1=CC2=CC=CC=C2O1
Z147641710,0.7693493962287903,0.9312567710876465,1.5338159799575806,1.596745252609253,1.4708867073059082,0.19307349622249603,0.11465785652399063,0.27148914337158203,O=C1CNC=2C=CC(=CC2N1)C(F)(F)F
Z147642456,0.7576724290847778,0.9140506386756897,1.717768907546997,1.4286469221115112,2.0068907737731934,0.35993966460227966,0.4040262997150421,0.3158530294895172,CC=1C=CC(O)=C(C1)C(=O)O
Z147646794,0.7460616827011108,0.8999817371368408,3.1040000915527344,3.3987526893615723,2.8092474937438965,0.16752606630325317,0.0599764809012413,0.27507564425468445,OC=1C(F)=CC=CC1F
Z1508918230,0.7359070181846619,0.8688108921051025,2.377467632293701,2.1561598777770996,2.5987751483917236,0.19024857878684998,0.18974250555038452,0.19075466692447662,O=C(O)C1=CC=2C=C(Cl)SC2N1
Z1508957209,0.7727253437042236,0.8984327912330627,2.0632383823394775,2.2228918075561523,1.9035850763320923,0.32008659839630127,0.29536598920822144,0.3448072075843811,O=C(O)C=1C=CC=2NC(=O)CSC2C1
Z1509140701,0.7505888342857361,0.8634354472160339,2.05948805809021,2.478248119354248,1.6407279968261719,0.13937149941921234,0.04250934347510338,0.236233651638031,C1=CC=2C(=CC=CC2N1)N3CCNCC3
Z1509140850,0.710690975189209,0.7302168607711792,2.447603702545166,2.7455248832702637,2.1496825218200684,0.14702366292476654,0.11407401412725449,0.1799733191728592,COC=1C=CC=2NC=C(CN(C)C)C2C1
Z169855336,0.7413327097892761,0.8542855978012085,2.8231565952301025,2.6272292137145996,3.0190839767456055,0.26653969287872314,0.42373839020729065,0.10934101790189743,CC=1C=CC(=CC1)CCC(=O)O
Z178961272,0.7481952905654907,0.8470448851585388,2.4102911949157715,1.8923377990722656,2.9282445907592773,0.08539000153541565,0.0414942167699337,0.1292857825756073,O=C(O)CCC=1C=CC(Cl)=CC1
Z19674820,0.7785869240760803,0.8695859313011169,2.1304078102111816,2.367809295654297,1.8930062055587769,0.3004496991634369,0.22631199657917023,0.37458738684654236,COC(=O)C=1C=CC(O)=CC1
Z199451530,0.7766669392585754,0.918491005897522,2.484602451324463,2.880891799926758,2.088313102722168,0.14858251810073853,0.18976077437400818,0.10740426182746887,NCC1(CCCC1)C=2C=CC=CC2
Z199537270,0.7131178975105286,0.8734369277954102,0.7002310156822205,0.9175490736961365,0.48291298747062683,0.18614348769187927,0.15241040289402008,0.21987657248973846,CC1(CCCC1)C(=O)O
Z203045032,0.7656813859939575,0.7934011220932007,2.7793941497802734,2.3880362510681152,3.1707522869110107,0.1529959738254547,0.03891430050134659,0.26707765460014343,CC=1C=CN=C(N)C1
Z203881854,0.774657666683197,0.9124466776847839,3.8954339027404785,4.05721378326416,3.733654260635376,0.0864250436425209,0.05125510320067406,0.12159498035907745,CC=1C=CC(F)=CC1C(=O)O
Z218760918,0.7365495562553406,0.8421744108200073,1.367687463760376,1.279517650604248,1.455857276916504,0.4957367777824402,0.6040375828742981,0.38743600249290466,NC1=NOC=2C=CC=CC12
Z220335556,0.7765586972236633,0.8747281432151794,2.6491215229034424,2.8416829109191895,2.4565601348876953,0.23272114992141724,0.1391276866197586,0.3263145983219147,C1=NOC=2C=CC=CC12
Z227832752,0.7946798205375671,0.9406489133834839,1.898581862449646,2.435492992401123,1.361670732498169,0.2033890187740326,0.054755520075559616,0.35202252864837646,O=C(O)C=1SC=CC1N2C=CC=C2
Z228584328,0.7547688484191895,0.9134953022003174,1.6068272590637207,1.8431462049484253,1.3705081939697266,0.12242808938026428,0.10130151361227036,0.1435546576976776,O=C(O)CCC1=NC2=CC(Cl)=CC=C2S1
Z228589126,0.707403838634491,0.8369381427764893,2.1057591438293457,1.5831868648529053,2.628331184387207,0.19243142008781433,0.1346527338027954,0.25021010637283325,O=C(O)CNC(=O)NC1CCCCC1
Z234895085,0.7654301524162292,0.867385983467102,1.9386374950408936,1.7890443801879883,2.088230609893799,0.3406878411769867,0.28496214747428894,0.39641353487968445,NC=1C=NC=2C=CC=CC2C1
Z234897299,0.7998028993606567,0.8980636596679688,2.084866523742676,2.248988628387451,1.9207446575164795,0.14482638239860535,0.06316868215799332,0.22648407518863678,CC(=O)C1=CNC=2C=C(F)C=CC12
Z235000792,0.7395429015159607,0.8273516297340393,1.6295099258422852,1.70729660987854,1.5517232418060303,0.18838897347450256,0.12365398555994034,0.2531239688396454,O=C(O)C1=CC=2C=CSC2N1
Z235348069,0.810236394405365,0.8960863947868347,3.0433363914489746,3.3386754989624023,2.747997283935547,0.3620173931121826,0.30303892493247986,0.420995831489563,NC=1C=CC=C2C=NNC12
Z235348085,0.7784133553504944,0.9152815341949463,3.25662899017334,3.487581253051758,3.025676727294922,0.13100938498973846,0.08717960864305496,0.17483916878700256,O=C(O)C1=CC2=CC(F)=CC=C2N1
Z235352033,0.7567588090896606,0.8946317434310913,2.637146472930908,2.6524362564086914,2.621856689453125,0.2524310350418091,0.28700169920921326,0.21786034107208252,CC=1C=CC=2NC(=CC2C1)C(=O)O
Z239125320,0.7406162023544312,0.8765000700950623,2.5645623207092285,2.762153148651123,2.366971731185913,0.24088022112846375,0.15660040080547333,0.32516005635261536,NC(=O)C=1C=C(Cl)C=CC1N
Z239129930,0.7293895483016968,0.877769410610199,2.3467679023742676,2.3958563804626465,2.2976791858673096,0.27975863218307495,0.21228481829166412,0.3472324311733246,O=C(O)CNC(=O)C=1C=CC=C(O)C1
Z255114686,0.7760941386222839,0.8959031701087952,2.730520725250244,2.778106212615967,2.6829354763031006,0.2512790560722351,0.13836878538131714,0.36418935656547546,NC=1C=CC=2N=CC=CC2C1
Z256708526,0.7391437888145447,0.9211395382881165,1.1170427799224854,0.37785422801971436,1.856231451034546,0.4793587923049927,0.6561124920845032,0.3026050925254822,O=C1NS(=O)(=O)C2=CC=CC=C12
Z271005928,0.7999343872070312,0.9070397615432739,1.9393830299377441,2.265726089477539,1.6130399703979492,0.17063525319099426,0.18385113775730133,0.1574193835258484,NCCCN1CCC=2C=CC=CC2C1
Z271099378,0.7605747580528259,0.9139494299888611,3.0733041763305664,3.360933780670166,2.7856743335723877,0.20890653133392334,0.08557964861392975,0.3322334289550781,C1=CC=2C=CC=NC2N1
Z276614452,0.7570655941963196,0.8662911653518677,2.125060558319092,1.8074965476989746,2.442624807357788,0.2842128276824951,0.1435750424861908,0.4248506426811218,C1=NNC=2C=CC=CC12
Z28269747,0.7541119456291199,0.8878671526908875,1.869612455368042,1.221594214439392,2.5176305770874023,0.4446870982646942,0.7145987749099731,0.17477542161941528,CC(=O)N1CCN(CC1)C=2C=CC(O)=CC2
Z285141528,0.6949712038040161,0.7473067045211792,1.4444456100463867,1.3440064191818237,1.5448848009109497,0.1347547322511673,0.12363690882921219,0.145872563123703,CS(=O)(=O)NCC1CCNCC1
Z285150320,0.7399083971977234,0.858323872089386,2.973569393157959,2.95684814453125,2.990290880203247,0.13080672919750214,0.09168866276741028,0.169924795627594,O=C(O)C1=CC=C2OCCC2=C1
Z300095616,0.7437558770179749,0.9224133491516113,1.1092708110809326,0.4640851318836212,1.7544565200805664,0.09154898673295975,0.006420585326850414,0.1766773909330368,NS(=O)(=O)N1CCCCC1
Z316118634,0.7740611433982849,0.9501920938491821,2.5577664375305176,2.75042724609375,2.365105628967285,0.2089352011680603,0.19139687716960907,0.22647351026535034,O=C(O)C=1C=CC=C2OCCOC12
Z316258722,0.7260789275169373,0.8882165551185608,1.9875528812408447,1.5035287141799927,2.4715771675109863,0.1284770518541336,0.15462473034858704,0.10232936590909958,O=C(O)COC1CCCCC1
Z316258762,0.7059933543205261,0.865352213382721,1.3940519094467163,1.3286052942276,1.4594985246658325,0.15884442627429962,0.2180769294500351,0.09961191564798355,O=C(O)COC1CCCC1
Z317037960,0.7574348449707031,0.9000119566917419,2.3057234287261963,2.345470428466797,2.2659764289855957,0.19789358973503113,0.2292541116476059,0.16653306782245636,CC=1C=CC=CC1CCC(=O)O
Z317038012,0.7521874308586121,0.8900633454322815,2.3145346641540527,2.0009374618530273,2.628131866455078,0.3706885874271393,0.42512813210487366,0.3162490427494049,O=C(O)CCC=1C=CC(O)=CC1
Z31721188,0.7324882745742798,0.83163982629776,1.408653974533081,1.443057894706726,1.374250054359436,0.17039813101291656,0.15250533819198608,0.18829092383384705,O=C(C=1C=CC=C(O)C1)N2CCOCC2
Z31725206,0.7630392909049988,0.8829267621040344,2.0452136993408203,1.518164038658142,2.572263240814209,0.08894148468971252,0.0925775021314621,0.08530546724796295,O=C(NCCO)C=1C=CC(Cl)=CC1
Z317268638,0.7699981927871704,0.953896701335907,1.6548686027526855,1.852607011795044,1.4571300745010376,0.11067312210798264,0.07036538422107697,0.1509808599948883,C1CCN(CC1)C2CCNCC2
Z330799458,0.7714911699295044,0.9195071458816528,2.719489574432373,3.04848051071167,2.390498399734497,0.23436760902404785,0.1412009596824646,0.3275342583656311,CN(C)C=1C=CC(=CN1)C(=O)O
Z335244742,0.7897369861602783,0.9161574840545654,2.0239062309265137,2.342388153076172,1.7054243087768555,0.12719182670116425,0.026267457753419876,0.2281161993741989,OCC=1C=CC(Br)=CC1
Z335245004,0.7648826837539673,0.8677271604537964,2.4715425968170166,2.9331326484680176,2.0099525451660156,0.12388372421264648,0.040752194821834564,0.207015261054039,OCC=1C=CC=CC1Br
Z335290460,0.7585741877555847,0.9034449458122253,2.6281275749206543,2.587460517883301,2.668794870376587,0.16439126431941986,0.1509505659341812,0.1778319627046585,CN1C=C(CCC(=O)O)C=2C=CC=CC21
Z33546380,0.7340220212936401,0.7825811505317688,2.379640817642212,1.5485831499099731,3.2106986045837402,0.39924442768096924,0.5015297532081604,0.2969591021537781,NC(=O)C=1C=CC=CN1
Z33546463,0.7614689469337463,0.8450331091880798,2.452111005783081,1.7511823177337646,3.1530396938323975,0.14176712930202484,0.06042764335870743,0.22310662269592285,NC(=O)C=1C=CC=NC1
Z33546479,0.7321268320083618,0.8398541212081909,2.2488322257995605,2.6024670600891113,1.8951972723007202,0.11575981974601746,0.03544125705957413,0.1960783749818802,NC(=O)C=1C=CC=C(Cl)C1
Z33546516,0.7054502367973328,0.8808324933052063,1.719553828239441,1.406787633895874,2.032320022583008,0.11064814776182175,0.023257123306393623,0.19803917407989502,NC(=O)C1CCCCC1
Z33546644,0.7494924068450928,0.7445487380027771,2.1638777256011963,1.7687724828720093,2.558983087539673,0.25895506143569946,0.23739589750766754,0.2805142402648926,NC(=O)C=1C=NC=CN1
Z336087926,0.7660577893257141,0.8410094976425171,2.8303980827331543,2.970022201538086,2.6907739639282227,0.1991596221923828,0.2013961672782898,0.19692309200763702,CCCC=1C=CC=CC1N
Z359505658,0.7116571664810181,0.8815251588821411,1.5069403648376465,1.3381680250167847,1.6757127046585083,0.14184078574180603,0.08432716131210327,0.1993543952703476,O=C(O)CNC1CCCC1
Z361423098,0.7500314116477966,0.8505228161811829,1.873170256614685,1.74885094165802,1.99748957157135,0.32427018880844116,0.35613641142845154,0.2924039959907532,NC=1C=CC=2N=C(CC=3C=CC=CC3)OC2C1
Z362635046,0.8010880351066589,0.9025403261184692,2.269388198852539,2.3447866439819336,2.1939897537231445,0.22513258457183838,0.1690100133419037,0.28125515580177307,COC=1C=CC(N)=CC1F
Z362758732,0.7859140634536743,0.9411550760269165,1.5538005828857422,1.8806464672088623,1.2269548177719116,0.3645418584346771,0.48629137873649597,0.24279235303401947,CC=1C=C(C)C(N)=C(C1)C(=O)O
Z362758748,0.7773892879486084,0.9260551929473877,2.9841818809509277,3.018247604370117,2.9501161575317383,0.3239344358444214,0.41633832454681396,0.23153056204319,NC=1C(F)=CC=CC1C(=O)O
Z362847958,0.7559143304824829,0.9145310521125793,0.6988751292228699,0.6072747111320496,0.7904755473136902,0.1179652288556099,0.005066757556051016,0.23086370527744293,CN1C2CCC1CC(=O)C2
Z362848468,0.7720814347267151,0.9003756642341614,1.7121784687042236,1.6273561716079712,1.7970008850097656,0.24184119701385498,0.14391209185123444,0.33977028727531433,O=C(O)C(=O)NC=1C=CC=CC1
Z363993550,0.7541796565055847,0.9083386063575745,1.7478272914886475,1.5856653451919556,1.909989356994629,0.28369420766830444,0.2668123245239258,0.3005761206150055,O=C(O)C=1C=NC=C(C1)C=2C=CC=CC2
Z367659362,0.7673905491828918,0.9395855665206909,2.2289044857025146,2.1870999336242676,2.2707090377807617,0.260078489780426,0.2993158996105194,0.22084110975265503,CC(C)N1C(N)=NC=2C=CC=CC21
Z373768900,0.7863471508026123,0.9041041731834412,0.9701827168464661,0.6300134658813477,1.3103519678115845,0.11513033509254456,0.06995685398578644,0.16030381619930267,CCN1C=C(C=N1)NC(=O)C2CCC2
Z381356458,0.7576228976249695,0.8816832900047302,1.8615447282791138,2.5251431465148926,1.197946310043335,0.23480339348316193,0.18496692180633545,0.2846398651599884,N=C(N)C1=CC=C2C=CC=CC2=C1
Z385373334,0.7586531043052673,0.8606247901916504,2.3712849617004395,1.7834891080856323,2.959080696105957,0.2334294319152832,0.17760606110095978,0.2892528176307678,CC1=NC=C(S1)C(=O)O
Z385412938,0.7585954666137695,0.866599977016449,1.1422170400619507,0.8903065323829651,1.3941274881362915,0.10969739407300949,0.035404592752456665,0.18399019539356232,O=C(C=1C=CN=CC1)C=2C=CC(F)=CC2
Z385446074,0.7588855624198914,0.8790279030799866,2.808039665222168,2.296907424926758,3.319171667098999,0.17953886091709137,0.11565759032964706,0.24342012405395508,CC=1C=CC=2C(=CNC2C1)C(=O)O
Z385446076,0.7742300033569336,0.9233774542808533,2.9308128356933594,3.2257370948791504,2.6358883380889893,0.10596334934234619,0.041305094957351685,0.1706216037273407,O=C(O)C1=CNC=2C=C(Cl)C=CC12
Z385472506,0.7607421278953552,0.9247227311134338,2.339564085006714,1.881381630897522,2.7977466583251953,0.17241038382053375,0.1172991469502449,0.2275216281414032,COC=1C=CC=2NC=C(CC(=O)O)C2C1
Z385481296,0.7577133178710938,0.8714760541915894,3.7610301971435547,4.219315052032471,3.3027453422546387,0.19294115900993347,0.09269674122333527,0.2931855618953705,O=C(O)C1=CC=C2C=CNC2=C1
Z397587326,0.7999748587608337,0.9109881520271301,2.5129902362823486,2.3559985160827637,2.6699819564819336,0.1041187271475792,0.04112799093127251,0.16710945963859558,OCCC=1C=CC(F)=CC1
Z397587554,0.7564901113510132,0.8807664513587952,2.123828411102295,1.9332443475723267,2.3144125938415527,0.28386953473091125,0.2897852063179016,0.2779538631439209,CC=1C=C(CO)C2=CC=CC=C2N1
Z404012058,0.7801439762115479,0.9344441890716553,2.5849015712738037,2.771584987640381,2.3982181549072266,0.1039745956659317,0.04784025624394417,0.16010893881320953,NC=1C=CC=C(C1)OC=2C=CC=CN2
Z414314668,0.7576083540916443,0.8618612885475159,2.9958977699279785,2.9016504287719727,3.0901448726654053,0.27083805203437805,0.23182745277881622,0.3098486661911011,NC=1C=NC=CC1C(=O)O
Z415653738,0.7685433626174927,0.8845690488815308,3.893333911895752,4.208280563354492,3.5783872604370117,0.14762642979621887,0.03735188767313957,0.25790098309516907,NC(=O)C=1C=CC=C2NC=CC12
Z424764636,0.7801759839057922,0.8922836184501648,2.6797115802764893,2.884157657623291,2.4752655029296875,0.22632481157779694,0.20476177334785461,0.24788784980773926,NC=1C=CC=C(F)C1C(=O)O
Z425794744,0.7821744680404663,0.8390178084373474,3.167006492614746,3.2132725715637207,3.1207401752471924,0.10906048119068146,0.016600213944911957,0.20152075588703156,CC1=NC=CN1CCO
Z425794824,0.7323846220970154,0.7496645450592041,1.363853931427002,1.2595990896224976,1.4681087732315063,0.18974369764328003,0.10271492600440979,0.27677246928215027,OCCN1C=CC=N1
Z431554234,0.7782086133956909,0.8607622981071472,2.8151867389678955,3.1999611854553223,2.4304122924804688,0.411918580532074,0.4500616788864136,0.37377551198005676,NC=1C=CC(=CC1O)C(=O)O
Z431953146,0.7909480333328247,0.9143164157867432,2.187582015991211,2.140932083129883,2.234232187271118,0.15598025918006897,0.05945996567606926,0.2525005638599396,OCC=1C=C(ON1)C=2C=CC=CC2
Z431983770,0.767216145992279,0.9326295852661133,2.210900068283081,2.2621207237243652,2.159679412841797,0.1919766217470169,0.21177230775356293,0.1721809357404709,CC(C)N1C=NC2=CC(=CC=C21)C(=O)O
Z440623534,0.75808185338974,0.893731415271759,2.282606601715088,1.5437413454055786,3.0214717388153076,0.12945488095283508,0.0496012382209301,0.20930851995944977,FC(F)(F)C1=CN=CN1
Z440625162,0.7914857864379883,0.904110848903656,2.574467658996582,2.7997260093688965,2.3492093086242676,0.11694027483463287,0.049442991614341736,0.184437558054924,OCC=1C=CC=C2OCCOC12
Z440825046,0.7783442139625549,0.9062268733978271,3.045170783996582,3.641416072845459,2.448925256729126,0.10728099942207336,0.015346920117735863,0.1992150843143463,C1=CN(C=N1)C=2C=CC=CC2
Z445135574,0.797107458114624,0.910158097743988,2.1201095581054688,1.962195873260498,2.2780230045318604,0.24616128206253052,0.16931016743183136,0.3230123817920685,NC1=CC=C2C=CS(=O)(=O)C2=C1
Z45415554,0.7909417152404785,0.9240458011627197,2.0472984313964844,1.4404417276382446,2.6541550159454346,0.16571494936943054,0.11763301491737366,0.21379688382148743,NS(=O)(=O)C=1C=CC=CC1
Z45415560,0.7525692582130432,0.891489565372467,2.5314202308654785,1.9247466325759888,3.1380937099456787,0.25358614325523376,0.3036743998527527,0.20349787175655365,NS(=O)(=O)C1=CC=CS1
Z45415561,0.733166515827179,0.8772915601730347,2.4119338989257812,2.581857681274414,2.2420098781585693,0.15546278655529022,0.05759374424815178,0.25333184003829956,COC=1C=CC(=CC1)S(N)(=O)=O
Z45415564,0.7607700228691101,0.842431902885437,2.3225746154785156,2.333041191101074,2.312108039855957,0.1479022204875946,0.08642642945051193,0.20937801897525787,CC=1C=CC(=CC1)S(N)(=O)=O
Z45415565,0.7339277863502502,0.8974368572235107,1.495276689529419,1.3858906030654907,1.6046626567840576,0.1377904713153839,0.1406547874212265,0.13492614030838013,CCOC=1C=CC(=CC1)S(N)(=O)=O
Z45415567,0.7592784762382507,0.8598731756210327,2.6941728591918945,2.8068675994873047,2.5814783573150635,0.13050319254398346,0.09979963302612305,0.16120675206184387,NS(=O)(=O)C=1C=CC(F)=CC1
Z45415568,0.7794907093048096,0.878608226776123,1.4998210668563843,2.082289695739746,0.9173524975776672,0.09882015734910965,0.02022523246705532,0.17741508781909943,NS(=O)(=O)C=1C=CC=C(F)C1
Z45415581,0.7542917132377625,0.8147289156913757,1.8889551162719727,1.0278970003128052,2.7500133514404297,0.11362836509943008,0.0817081481218338,0.14554858207702637,NS(=O)(=O)C=1C=CC=CC1F
Z45415607,0.7037143111228943,0.6454485058784485,1.046077013015747,1.726697325706482,0.365456759929657,0.13979151844978333,0.11363890767097473,0.16594411432743073,CCCC=1C=CC(=CC1)S(N)(=O)=O
Z45415617,0.7683441042900085,0.8762359023094177,1.8886538743972778,1.61153244972229,2.1657752990722656,0.08239175379276276,0.04365617781877518,0.12112732231616974,NS(=O)(=O)C=1C=C(Cl)C=C(Cl)C1
Z45415618,0.759663999080658,0.8779668807983398,2.6483511924743652,2.1418910026550293,3.154811382293701,0.11446370929479599,0.0510912649333477,0.17783614993095398,NS(=O)(=O)C=1C=CC=CC1Cl
Z45415660,0.73946613073349,0.8388862609863281,2.167954683303833,2.5440945625305176,1.7918146848678589,0.09070376306772232,0.0977403074502945,0.08366721868515015,NS(=O)(=O)C=1C=CC=2CCCC2C1
Z45636695,0.7838726043701172,0.8742222189903259,2.0659072399139404,2.0669922828674316,2.064822196960449,0.17530342936515808,0.05245651677250862,0.29815033078193665,CS(=O)(=O)NC=1C=CC(=CC1)C(=O)O
Z513733856,0.7999092936515808,0.8870424628257751,1.5761692523956299,1.4393517971038818,1.712986707687378,0.10498100519180298,0.02919936366379261,0.1807626485824585,CCCC(=O)C=1C=CC=NC1
Z53021532,0.7776958346366882,0.8697868585586548,2.303622245788574,2.3316659927368164,2.275578498840332,0.17133492231369019,0.04340382665395737,0.2992660105228424,NS(=O)(=O)C=1C=CC(=CC1)C(=O)O
Z53116455,0.7823013663291931,0.9185434579849243,3.386885643005371,3.5402703285217285,3.2335009574890137,0.20425215363502502,0.16472309827804565,0.2437812089920044,O=C(O)CCN1C=NC2=CC=CC=C21
Z53116464,0.7397417426109314,0.8747838735580444,3.117103099822998,3.100947380065918,3.133258581161499,0.13093656301498413,0.07109783589839935,0.19077527523040771,NC(=O)CCN1C=NC2=CC=CC=C21
Z53833897,0.8109654784202576,0.9385496973991394,1.3571665287017822,1.232430100440979,1.481903076171875,0.26007336378097534,0.24216631054878235,0.27798041701316833,COC(=O)C=1C=CC(Cl)=CC1N
Z553832512,0.7795029878616333,0.9443575143814087,2.701998233795166,2.903836727142334,2.500159740447998,0.19553464651107788,0.09495700150728226,0.2961122989654541,O=C(O)C=1C=CC=C2OCOC12
Z55692894,0.7855181694030762,0.8641568422317505,3.670217514038086,3.9854297637939453,3.3550055027008057,0.1422552615404129,0.009287174791097641,0.27522334456443787,CC1=NC=2C=CC=CC2N1
Z55928828,0.7813813090324402,0.8789882063865662,2.3165862560272217,1.8261386156082153,2.8070340156555176,0.1519663780927658,0.08722500503063202,0.2167077511548996,CC=1C=C2N=CNC2=CC1C
Z56175684,0.7383986115455627,0.8671016693115234,3.1905388832092285,3.139130115509033,3.2419474124908447,0.19815774261951447,0.10145148634910583,0.2948639988899231,O=C(O)CN1C(=O)C=2C=CC=CC2C1=O
Z56347237,0.7405511736869812,0.8706679940223694,2.9355480670928955,2.8826022148132324,2.9884939193725586,0.23794075846672058,0.1318172663450241,0.34406423568725586,NC=1C=CC=2C=CC=CC2N1
Z56347387,0.7931610941886902,0.9026050567626953,2.185795307159424,2.0683751106262207,2.303215742111206,0.06405097246170044,0.02821270376443863,0.09988924860954285,NNC(=O)CC=1C=CC(F)=CC1
Z56754502,0.7544750571250916,0.8760373592376709,2.1810874938964844,1.8281432390213013,2.534031867980957,0.3800007402896881,0.3793927729129791,0.3806087076663971,NC1=CC=C2OC(=O)C=CC2=C1
Z56755653,0.7022797465324402,0.7711426615715027,2.117863416671753,1.7343478202819824,2.5013790130615234,0.14387868344783783,0.1701095849275589,0.11764777451753616,NCCC=1C=CC(=CC1)S(N)(=O)=O
Z56767838,0.7494425177574158,0.7803794145584106,1.8083853721618652,1.4481350183486938,2.168635845184326,0.31505829095840454,0.34359753131866455,0.28651902079582214,CNC1=NC=2C=CC=CC2N1
Z56791635,0.7492823004722595,0.7965158224105835,2.7928333282470703,2.1795592308044434,3.4061074256896973,0.1603836715221405,0.11537192761898041,0.2053954005241394,OCC1=NC=2C=CC=CC2N1
Z56801375,0.7694340944290161,0.8935865759849548,3.156381130218506,3.0635390281677246,3.249223470687866,0.11007237434387207,0.07302329689264297,0.14712144434452057,O=C1NCCC=2C=CC=CC12
Z56820416,0.7585528492927551,0.8735448122024536,3.427751064300537,3.6816563606262207,3.1738457679748535,0.1964450478553772,0.03125913441181183,0.36163094639778137,NC1=NNC=2C=CC=CC12
Z56839706,0.7348910570144653,0.8319990634918213,2.3429629802703857,2.0127062797546387,2.673219680786133,0.16124245524406433,0.129110187292099,0.19337470829486847,O=C(O)C1=CC=2C=CC=CC2O1
Z56851240,0.7746077179908752,0.8125877380371094,2.279900550842285,1.8892953395843506,2.670506000518799,0.3781817555427551,0.48927420377731323,0.26708927750587463,NC=1C=CC(=CC1)S(N)(=O)=O
Z56854473,0.7769753336906433,0.8924157023429871,1.9097859859466553,2.0622143745422363,1.7573577165603638,0.22470292448997498,0.13888515532016754,0.3105207085609436,CC(=O)C=1C=CC=2OCCOC2C1
Z56858159,0.7676126956939697,0.9296751618385315,2.1046531200408936,1.5373878479003906,2.6719183921813965,0.17270085215568542,0.17365768551826477,0.17174400389194489,CN(C)C=1C=CC=C(C1)C(=O)NN
Z56858257,0.7610018849372864,0.8941842317581177,2.6212520599365234,2.923142433166504,2.319361686706543,0.30711573362350464,0.2577318549156189,0.35649964213371277,NC1=NC=2C=CC(Br)=CC2S1
Z56862402,0.7584679126739502,0.906038224697113,1.3591439723968506,1.4026789665222168,1.3156089782714844,0.37810611724853516,0.4460335373878479,0.3101787269115448,O=C1C(=O)N(CC=2C=CC=CC2)C=3C=CC=CC13
Z56862720,0.7517954111099243,0.8977245092391968,2.047530174255371,1.622524380683899,2.4725358486175537,0.2653235197067261,0.20847088098526,0.32217612862586975,O=C(O)CCC1=NC=2C=CC=CC2NC1=O
Z56865289,0.7425652146339417,0.8526621460914612,3.0519204139709473,3.0671329498291016,3.036707878112793,0.1462462693452835,0.026961835101246834,0.26553070545196533,NC(=O)CN1CCCC1=O
Z56871698,0.7637024521827698,0.8982537388801575,2.3043100833892822,2.271646022796631,2.3369741439819336,0.1881445050239563,0.1271599382162094,0.249129056930542,O=C(O)CC1=NNC(=O)C=2C=CC=CC12
Z56889474,0.7059678435325623,0.7474539875984192,1.7966864109039307,1.8505911827087402,1.742781639099121,0.19544100761413574,0.14306916296482086,0.24781285226345062,O=C1C=CNC(=O)N1
Z56895714,0.7602426409721375,0.9190064072608948,1.9262174367904663,2.2147746086120605,1.637660264968872,0.279474139213562,0.2440355271100998,0.3149127662181854,CC1=CC=C(O1)C(=O)O
Z56896352,0.782806932926178,0.932841956615448,2.9057374000549316,3.4302515983581543,2.381223201751709,0.32104524970054626,0.32735681533813477,0.31473368406295776,NC1=NC=2C=CC(Cl)=CC2S1
Z56899110,0.7460321187973022,0.8877630829811096,1.510876178741455,0.7832391262054443,2.238513231277466,0.1762089729309082,0.11158685386180878,0.24083107709884644,O=C1NC=2C=CC(Cl)=CC2C1=O
Z56899125,0.7668524980545044,0.891276478767395,2.5988779067993164,2.190847873687744,3.0069079399108887,0.3170853555202484,0.39637088775634766,0.23779983818531036,NC1=NC=2C=CC(F)=CC2S1
Z56899189,0.7468860745429993,0.8665998578071594,2.6434712409973145,2.6781187057495117,2.608823537826538,0.2417764663696289,0.15341253578662872,0.3301404118537903,O=C1NC=2C=CC=C3C=CC=C1C23
Z56900768,0.726514995098114,0.8066387176513672,1.3937134742736816,1.620723843574524,1.1667029857635498,0.22477827966213226,0.24161304533481598,0.20794351398944855,O=C(O)COC=1C=CC=C2C=CC=CC12
Z56912586,0.7940114736557007,0.8843229413032532,3.161569118499756,3.470855236053467,2.852283000946045,0.25298455357551575,0.16129471361637115,0.34467437863349915,NC1=NC=2C=CC=CC2S1
Z56922074,0.7543668150901794,0.8845854997634888,2.0925097465515137,1.8492467403411865,2.33577299118042,0.3152751624584198,0.2392449975013733,0.3913053274154663,O=C1C=C(O)C=2C=CC=CC2O1
Z56922083,0.8169516921043396,0.9188947677612305,2.2564473152160645,2.7771449089050293,1.7357498407363892,0.17267702519893646,0.07787416130304337,0.26747989654541016,O=C1CC=2C=CC(Cl)=CC2N1
Z56922105,0.7676660418510437,0.9280110001564026,2.3832929134368896,1.9234837293624878,2.843101978302002,0.07632337510585785,0.023630794137716293,0.1290159523487091,O=C(O)C=1C=CC(=CC1)C(F)(F)F
Z56924437,0.7677170038223267,0.8963534832000732,2.072476625442505,1.3639229536056519,2.7810301780700684,0.15086227655410767,0.2270069122314453,0.07471762597560883,CC1=CC=CC(C)=C1OCC(=O)O
Z56926518,0.7609803080558777,0.9065113067626953,2.3879554271698,2.3452887535095215,2.430622100830078,0.5935937762260437,0.8734595775604248,0.3137279450893402,OC=1C=CC=C2C=CC=NC12
Z56926669,0.7806877493858337,0.9181323051452637,2.615178346633911,2.000664234161377,3.2296924591064453,0.24497002363204956,0.1995001882314682,0.2904398739337921,NNC(=O)C=1C=CC=CC1
Z56926682,0.7781267762184143,0.8878855109214783,3.558337688446045,4.367850303649902,2.7488250732421875,0.1629897654056549,0.010010532103478909,0.31596899032592773,OCN1C=NC=2C=CC=CC21
Z56928539,0.7722722291946411,0.8886844515800476,2.344860315322876,1.7950847148895264,2.8946359157562256,0.0929565578699112,0.06966240704059601,0.11625071614980698,O=C(O)COC=1C(Cl)=CC=CC1Cl
Z56931884,0.7723645567893982,0.918681800365448,2.5341501235961914,2.482754707336426,2.585545301437378,0.21341554820537567,0.12877756357192993,0.2980535328388214,COC=1C=CC(=CC1)C(=O)O
Z56946871,0.7952517867088318,0.9288568496704102,2.6087820529937744,2.7986788749694824,2.4188852310180664,0.3958630859851837,0.5551704168319702,0.23655574023723602,NC=1C=CC(F)=CC1C(=O)O
Z56960237,0.7646157145500183,0.8676998019218445,2.5794763565063477,2.7429628372192383,2.415989637374878,0.29448485374450684,0.30389678478240967,0.285072922706604,O=C1NC=CC=2C=CC=CC12
Z56969320,0.7469276785850525,0.8689711093902588,2.079875946044922,2.0523672103881836,2.10738468170166,0.2059897929430008,0.07956697791814804,0.33241260051727295,OC=1C=CC(=CC1)N2C=CN=C2
Z57033885,0.6818804144859314,0.7851181030273438,2.3261663913726807,2.341407299041748,2.3109254837036133,0.1675642728805542,0.06871055066585541,0.2664179801940918,O=C1CCNC(=O)N1
Z57036327,0.7819135785102844,0.9050648212432861,2.108060836791992,1.5442622900009155,2.6718592643737793,0.3468722701072693,0.32880929112434387,0.3649352788925171,NNC(=O)C=1C=CC(O)=CC1
Z57036632,0.7542409896850586,0.8199299573898315,3.577927589416504,3.2497763633728027,3.906078815460205,0.24179455637931824,0.21730640530586243,0.26628270745277405,NC(=O)C=1C=CC=CC1N
Z57040472,0.7737568020820618,0.9444572925567627,1.6871156692504883,1.6913434267044067,1.6828880310058594,0.16287674009799957,0.08898790180683136,0.23676557838916779,NC1=NC=C(CC=2C=CC=CC2)S1
Z57042001,0.7032806277275085,0.6893490552902222,2.71993088722229,2.523913860321045,2.915947914123535,0.2047450840473175,0.14256834983825684,0.2669218182563782,CC(=O)NC=1C=CC(=CC1)C(=O)O
Z57069881,0.7782136797904968,0.919132649898529,2.170727491378784,1.8232613801956177,2.518193483352661,0.28988635540008545,0.26097333431243896,0.31879934668540955,CC=1C=CC=2N=C(N)SC2C1
Z57070074,0.7715924978256226,0.9212433695793152,2.4938254356384277,2.7186994552612305,2.268951177597046,0.18699122965335846,0.1322808861732483,0.24170157313346863,CC(=O)C1=CN(C)C=2C=CC=CC12
Z57073754,0.7593161463737488,0.8730661273002625,3.325589179992676,4.25154447555542,2.3996338844299316,0.1882045567035675,0.04528309404850006,0.33112600445747375,O=C(O)C=1C=CC(O)=C(F)C1
Z57114989,0.7461453676223755,0.8468806147575378,2.5757460594177246,2.4506983757019043,2.700793743133545,0.17951327562332153,0.13075129687786102,0.22827525436878204,CCN1C(=O)NC=2C=CC=CC21
Z57115077,0.774925708770752,0.8367311954498291,2.7998709678649902,2.9208555221557617,2.6788864135742188,0.2197670340538025,0.19163616001605988,0.2478979229927063,O=C(O)CCC1=NC=2C=CC=CC2N1
Z57124104,0.7384352087974548,0.7780502438545227,3.382683515548706,3.616511344909668,3.148855686187744,0.23774036765098572,0.08980553597211838,0.38567519187927246,O=C(O)C=1C=NC=C(O)C1
Z57127332,0.7526137232780457,0.9033529758453369,2.4009294509887695,2.026482582092285,2.775376319885254,0.16202470660209656,0.08924144506454468,0.23480795323848724,O=C(O)CCC=1C=CC=CC1
Z57127443,0.7322209477424622,0.759750247001648,1.7391177415847778,1.0189263820648193,2.4593091011047363,0.20598961412906647,0.1705319732427597,0.24144725501537323,CC(=O)C=1C=CC=C(N)C1
Z57127446,0.7707913517951965,0.8982766270637512,3.4492969512939453,3.1104774475097656,3.788116455078125,0.29937535524368286,0.22328798472881317,0.37546274065971375,NC=1C=CC(=CC1)C(=O)O
Z57127459,0.7918438911437988,0.9247164726257324,2.2234272956848145,2.711782932281494,1.7350718975067139,0.15910953283309937,0.04177168384194374,0.2764473855495453,CC(=O)C=1C=CC(Br)=CC1
Z57127524,0.7769239544868469,0.8837544918060303,2.998218536376953,2.5488839149475098,3.4475533962249756,0.1585099697113037,0.08046608418226242,0.2365538477897644,COC=1C=CC=CC1C(=O)O
Z57127530,0.7343131899833679,0.8433173894882202,2.1821999549865723,2.2463879585266113,2.1180121898651123,0.1902875006198883,0.14475321769714355,0.23582179844379425,O=C(O)C=1C=CC(Br)=CC1
Z57127875,0.7727530598640442,0.8614288568496704,2.0315496921539307,2.1228041648864746,1.9402952194213867,0.1471244990825653,0.028977571055293083,0.2652714252471924,CC=1C=CC(N)=CC1
Z57127903,0.7866969108581543,0.8877251744270325,2.3988196849823,2.577692985534668,2.2199463844299316,0.2187948226928711,0.12808392941951752,0.3095057010650635,O=C1NC=2C=CC=CC2C1=O
Z57131035,0.7499367594718933,0.8583138585090637,2.2946696281433105,2.8715267181396484,1.717812418937683,0.11793409287929535,0.04555273428559303,0.19031545519828796,O=C1CNC(=O)N1
Z57150899,0.7171153426170349,0.7966917157173157,1.7363173961639404,1.7568378448486328,1.7157968282699585,0.5345247983932495,0.7105470299720764,0.35850250720977783,O=C1C=CC=2C=CC(O)=CC2O1
Z57160166,0.769977867603302,0.9115099310874939,2.5982940196990967,2.978013515472412,2.2185745239257812,0.3963494896888733,0.46713799238204956,0.3255610167980194,O=C(O)C=1C=CC=NC1C(=O)O
Z57169486,0.7616788148880005,0.9153333902359009,1.7716403007507324,1.7625949382781982,1.7806857824325562,0.3740500807762146,0.3770778179168701,0.3710223138332367,O=C1C=CC=2C=CC=CC2O1
Z57182011,0.7666822671890259,0.9035552740097046,2.9259033203125,2.954591751098633,2.897214889526367,0.20508399605751038,0.1471196562051773,0.26304835081100464,O=C(O)COC=1C=CC=CC1
Z57183224,0.7681165933609009,0.8973154425621033,1.801905870437622,1.8450886011123657,1.7587230205535889,0.16125981509685516,0.04395848512649536,0.27856114506721497,O=C1NC=2C=C(Cl)C=CC2O1
Z57200682,0.7370975613594055,0.6917992830276489,2.9801852703094482,3.060112476348877,2.9002580642700195,0.14060570299625397,0.05192616954445839,0.22928524017333984,CC1=CC=2C=CC=CC2N1
Z57202012,0.7234207987785339,0.8537601828575134,2.877080202102661,2.9934401512145996,2.7607202529907227,0.3361056447029114,0.33197471499443054,0.3402366042137146,O=C(O)C1=CC=CC(=N1)C(=O)O
Z57221419,0.7776750326156616,0.8825704455375671,2.3028812408447266,2.605496883392334,2.00026535987854,0.23161530494689941,0.0904708206653595,0.37275978922843933,CC(=O)C=1C=CC(O)=C(C)C1
Z57326449,0.7331341505050659,0.8781453967094421,1.3293092250823975,1.3429416418075562,1.3156769275665283,0.1603880226612091,0.07896476984024048,0.24181129038333893,C=1C=C2OCOC2=CC1CNC3CCCC3
Z57337726,0.7799995541572571,0.9063382744789124,2.378652572631836,1.839064359664917,2.918240547180176,0.15926869213581085,0.09591959416866302,0.22261779010295868,CC(=O)C1=CNC2=CC=CC=C12
Z57367354,0.7866453528404236,0.932928740978241,3.249891996383667,4.15508508682251,2.344698905944824,0.16485410928726196,0.061971258372068405,0.2677369713783264,O=C(O)C=1C=CC(F)=CC1
Z57376600,0.8114870190620422,0.9244247674942017,1.93062162399292,1.812578558921814,2.0486645698547363,0.24677471816539764,0.2120380401611328,0.2815113961696625,CC=1N=C(N)C=CC1Br
Z57473020,0.7740949988365173,0.9246017336845398,2.603546142578125,2.990567207336426,2.216525077819824,0.32141029834747314,0.33037441968917847,0.3124462068080902,O=C1C=CC=2C=CC=CC2N1
Z57473348,0.722353458404541,0.8675196170806885,1.9933679103851318,1.8030675649642944,2.1836681365966797,0.3968426585197449,0.5164658427238464,0.2772195041179657,O=C(O)CN1C=2C=CC=CC2C(=O)C=3C=CC=CC31
Z57493539,0.7315748333930969,0.7782703638076782,2.8347344398498535,2.2595677375793457,3.4099011421203613,0.1300361156463623,0.021358752623200417,0.23871348798274994,CC=1C=CC(=CN1)C(N)=O
Z57607000,0.7448762655258179,0.8841344714164734,2.714137077331543,2.596707344055176,2.831566572189331,0.16156576573848724,0.046896595507860184,0.2762349247932434,NC1=NC=2C(Cl)=CC=CC2S1
Z57825381,0.7908312678337097,0.9402916431427002,2.1342337131500244,2.29725980758667,1.971207618713379,0.1725034862756729,0.07788962870836258,0.26711735129356384,O=C(O)C=1C=CC=CC1Br
Z57833933,0.7745527625083923,0.9056336879730225,1.8203952312469482,1.2932637929916382,2.3475265502929688,0.16253092885017395,0.07718298584222794,0.24787887930870056,C1=CC=2C=CC=CC2N1
Z57842350,0.7524684071540833,0.8577169179916382,1.7796926498413086,1.2201151847839355,2.3392701148986816,0.3238832354545593,0.26950544118881226,0.3782610595226288,O=C(NO)C=1C=CC=CC1O
Z57842700,0.7671462297439575,0.8792065978050232,2.5139431953430176,2.249079704284668,2.778806447982788,0.1617695689201355,0.15514980256557465,0.16838933527469635,C1=CN(C=N1)CC=2C=CC=CC2
Z57902253,0.7475748062133789,0.8606053590774536,2.4965972900390625,2.973703384399414,2.019491195678711,0.11099997907876968,0.07503864169120789,0.14696131646633148,CCC=1C=CC(=CC1)S(N)(=O)=O
Z57902803,0.7707635164260864,0.8685483932495117,2.544517755508423,2.162222385406494,2.9268131256103516,0.10647633671760559,0.05376613140106201,0.15918654203414917,CC=1C=CC=CC1S(N)(=O)=O
Z57914061,0.7528674006462097,0.9364559650421143,2.8180179595947266,2.656583309173584,2.97945237159729,0.14680255949497223,0.04552198573946953,0.24808314442634583,O=C(O)C=1C=CC=CC1F
Z57915361,0.7459720969200134,0.8962326049804688,2.0524497032165527,1.6989376544952393,2.4059619903564453,0.20848363637924194,0.13627618551254272,0.28069108724594116,COC1=CC=CC(OC)=C1C(=O)O
Z57984669,0.7833384275436401,0.9025170803070068,2.4691450595855713,2.987247943878174,1.9510421752929688,0.15052533149719238,0.029521837830543518,0.27152884006500244,CC1=NC(=CS1)C2=CC=CC(N)=C2
Z58981801,0.7492004036903381,0.8007545471191406,2.924708604812622,2.5335869789123535,3.3158302307128906,0.21249020099639893,0.17775055766105652,0.24722982943058014,NNC(=O)C=1C=CN=CC1
Z596250880,0.7913566827774048,0.9134473204612732,2.9882302284240723,2.820096969604492,3.1563632488250732,0.14293092489242554,0.12549972534179688,0.160362109541893,O=C(O)CC1=CNC=2C=CC(Br)=CC12
Z607808530,0.7690522074699402,0.905623733997345,2.6122989654541016,2.114750385284424,3.1098475456237793,0.15894672274589539,0.15729780495166779,0.16059564054012299,O=C(O)C1CC=2C=CC=CC2C1
Z608061328,0.7791385650634766,0.9114066958427429,3.2204666137695312,3.342398166656494,3.0985352993011475,0.15574850142002106,0.08532535284757614,0.22617165744304657,O=C(O)CC=1C=CC=CC1O
Z608353738,0.7626314163208008,0.878798246383667,2.8497941493988037,2.7063117027282715,2.993276596069336,0.5301088094711304,0.6616194248199463,0.39859822392463684,O=C(O)C=1N=CC=CC1O
Z62452555,0.7564119100570679,0.9024484753608704,1.9010201692581177,2.26168155670166,1.5403587818145752,0.28480133414268494,0.16920745372772217,0.4003952145576477,O=C1NC=NC=2C3=CC=CC=C3OC12
Z666140572,0.7921203970909119,0.9422734379768372,2.0764918327331543,1.9518100023269653,2.201173782348633,0.29011160135269165,0.3412553071975708,0.2389678806066513,O=C(O)C1=CC=2SC=CC2S1
Z68590124,0.7282624244689941,0.8616572618484497,2.6282849311828613,2.263063907623291,2.9935057163238525,0.24874812364578247,0.14085404574871063,0.3566421866416931,NC(=O)C=1C=CC=CC1O
Z728187792,0.7200730443000793,0.6620558500289917,3.0199384689331055,2.321868896484375,3.718008279800415,0.1262003481388092,0.03375156968832016,0.21864911913871765,C1=CNC(=N1)C=2C=CN=CC2
Z728884102,0.7800241112709045,0.912407636642456,2.2621564865112305,2.1557369232177734,2.3685762882232666,0.20601531863212585,0.22672633826732635,0.18530428409576416,CCN1CCC2=C(N)C=CC=C2C1
Z729557174,0.7875352501869202,0.9421183466911316,1.942936658859253,1.1264411211013794,2.759432315826416,0.10805981606245041,0.011681695468723774,0.20443794131278992,FC(F)(F)C=1N=CC(Br)=CN1
Z732776044,0.7790477871894836,0.8594831824302673,2.2673845291137695,2.597062587738037,1.937706470489502,0.22417902946472168,0.13143455982208252,0.31692349910736084,NC=1C=CC=C(C1)C=2C=CC=NC2
Z800222638,0.7626807689666748,0.9115192890167236,1.4261138439178467,1.394667625427246,1.4575601816177368,0.4915900230407715,0.6507924795150757,0.3323875963687897,O=C(O)C1=CSC=N1
Z802851752,0.7684645056724548,0.9102523922920227,2.8393735885620117,2.858264446258545,2.8204827308654785,0.22170892357826233,0.14467361569404602,0.29874423146247864,CC=1C=CC=C(N)C1C(=O)O
Z804943488,0.7713608741760254,0.9225630164146423,1.1316847801208496,1.741329312324524,0.5220402479171753,0.15222309529781342,0.07011045515537262,0.2343357354402542,C#CCN1CCOC1=O
Z808584750,0.7696887254714966,0.9268556237220764,2.532447099685669,2.4490041732788086,2.6158900260925293,0.17331023514270782,0.10701743513345718,0.23960304260253906,CN1N=CC(C(=O)O)=C1C=2C=CC=CC2
Z816000338,0.7650921940803528,0.9281450510025024,3.06524658203125,3.535360813140869,2.595132350921631,0.19502751529216766,0.10897312313318253,0.2810819149017334,O=C(O)CC=1C=CC=C(O)C1
Z818727120,0.7445497512817383,0.8432299494743347,2.5100297927856445,2.3340911865234375,2.6859681606292725,0.19805528223514557,0.11165649443864822,0.2844540774822235,OC=1C=CN=C2C=CC=CC12
Z838909446,0.7646569013595581,0.9269876480102539,2.7464804649353027,3.040830612182617,2.452130079269409,0.4017344117164612,0.42336609959602356,0.3801026940345764,O=C(O)C1=CN=C2C=CC=CC2=C1
Z840267872,0.7439852356910706,0.8913638591766357,2.796086311340332,2.8015518188476562,2.790621042251587,0.2695207893848419,0.19301800429821014,0.3460235893726349,NC1=NC=2C=CC=CC2C(=O)N1
Z877546758,0.6830848455429077,0.8124799728393555,2.1395492553710938,2.495358943939209,1.783739447593689,0.4330750107765198,0.47014230489730835,0.3960077166557312,O=C1CCCC2=CC(O)=CC=C12
Z89267039,0.7628654837608337,0.8761539459228516,3.0290329456329346,2.9629931449890137,3.0950727462768555,0.15581396222114563,0.03283748775720596,0.2787904441356659,NC1=NC=2C=C(Cl)C=CC2O1
Z89283908,0.7475546002388,0.8660061359405518,2.8558261394500732,2.6392788887023926,3.072373390197754,0.13941623270511627,0.035831648856401443,0.2430008202791214,O=C(O)C1=CNC2=CC=CC=C12
Z90120144,0.742668867111206,0.8369417786598206,2.354005813598633,2.7046709060668945,2.003340721130371,0.22080129384994507,0.15447008609771729,0.28713250160217285,N#CCC=1C=CC(O)=CC1
Z90121065,0.7459799647331238,0.7965189218521118,2.9022345542907715,3.015646457672119,2.788822650909424,0.361427366733551,0.35827821493148804,0.364576518535614,NC=1C=CC(C(=O)O)=C(O)C1
Z94600359,0.7794200778007507,0.9336910843849182,2.5197501182556152,2.0961856842041016,2.94331431388855,0.2614961266517639,0.2990816831588745,0.2239105999469757,CC=1C=CC=C(C(=O)O)C1N
Z94601331,0.7876216769218445,0.8976960778236389,2.215552806854248,1.8480459451675415,2.583059549331665,0.13197270035743713,0.06189853325486183,0.20204687118530273,CNC(=O)C=1C=C(Cl)C=CN1
Z969591530,0.735316812992096,0.7900615334510803,1.5582873821258545,1.3669296503067017,1.7496449947357178,0.17831379175186157,0.12188438326120377,0.23474319279193878,NS(=O)(=O)C1=NC2=CC=CC=C2N1
Z976688982,0.7792826294898987,0.9146756529808044,1.5381059646606445,1.4162863492965698,1.6599256992340088,0.05642755329608917,0.04237530007958412,0.07047980278730392,FC(F)(F)C=1C=CC(=NC1)OC2CCNCC2
Z979311300,0.7750875949859619,0.875795304775238,2.979734420776367,3.7436985969543457,2.2157700061798096,0.14630469679832458,0.030722931027412415,0.26188647747039795,CC=1C=CC=2NC=CC2C1
Z99600464,0.7212850451469421,0.8903684616088867,2.775819778442383,2.5986227989196777,2.953016757965088,0.09084722399711609,0.03206871449947357,0.1496257334947586,O=C(O)CC1=NOC=2C=CC=CC12
Z99601182,0.7469244003295898,0.8855663537979126,2.487260341644287,2.573464870452881,2.4010555744171143,0.16597069799900055,0.09283587336540222,0.23910552263259888,O=C(O)C=1C=NN(C1)C=2C=CC=CC2
